"wave","milestone_id","milestone_name","order","ticket_id","owner","target_scope","subsystem","depends_on","title","done_when"
"wave2","M7","Shared support variant and persistence expansion","1","W2-RT-001","shared_support","multi_family","identity","INT-003","Multi-profile family registry","One family can expose several concrete profiles with declarative capability flags instead of ad-hoc conditionals."
"wave2","M7","Shared support variant and persistence expansion","2","W2-RT-002","shared_support","suite_media","media","RT-003;INT-003","Persistent media and battery-backed storage","Cartridges, disks, and similar media can persist mutable state through one shared host path."
"wave2","M7","Shared support variant and persistence expansion","3","W2-RT-003","shared_support","suite_time","time","W2-RT-002","RTC and wall-clock service layer","Machine-local RTC devices consume a shared host time service without leaking host APIs into core logic."
"wave2","M7","Shared support variant and persistence expansion","4","W2-RT-004","shared_support","suite_media","media","W2-RT-001;W2-RT-002","Removable disk and tape host services","Late wave-2 families can mount, swap, and persist removable media through shared support plumbing."
"wave2","M8","Wave-1 family expansions A","5","W2-GB-001","gameboy_family","CGB and common MBCs","family_expansion","W2-RT-001;W2-RT-002;GB-005","Game Boy Color and common MBC matrix","CGB and the common save-backed MBC families are supported under one shared Game Boy family shell."
"wave2","M8","Wave-1 family expansions A","6","W2-GB-002","gameboy_family","late Game Boy family","validation","W2-GB-001;W2-RT-003","Game Boy link and late-family validation","The Game Boy family has a defined link/session story and a stronger multi-profile regression set."
"wave2","M8","Wave-1 family expansions A","7","W2-S8-001","sega_8bit_family","Master System 1","family_expansion","W2-RT-001;S8-005","Master System 1 baseline","Master System 1 is supported as a first-class profile, not an implied SG-1000 variant."
"wave2","M8","Wave-1 family expansions A","8","W2-S8-002","sega_8bit_family","Game Gear and FM variants","family_expansion","W2-S8-001","Game Gear and FM/audio family variants","Game Gear and the main FM/audio deltas are modeled within the Sega 8-bit family shell."
"wave2","M8","Wave-1 family expansions A","9","W2-SP-001","spectrum_family","late Spectrum family","family_expansion","SP-005;W2-RT-001","Spectrum late-family paging and AY path","128K and later paging/audio behavior are stabilized as multi-profile support rather than one-off hacks."
"wave2","M8","Wave-1 family expansions A","10","W2-SP-002","spectrum_family","Spectrum +3","media_and_validation","W2-SP-001;W2-RT-004","Spectrum +3 disk path and variant validation","Plus-3-class disk-backed variants are supported with shared removable-media plumbing."
"wave2","M8","Wave-1 family expansions A","11","W2-NES-001","famicom_nes_family","MMC3 tier","family_expansion","NES-005","MMC3 and scanline IRQ path","The suite supports a post-wave-1 mapper tier without inventing a generic mapper abstraction for all systems."
"wave2","M8","Wave-1 family expansions A","12","W2-NES-002","famicom_nes_family","FDS and PAL/NTSC split","family_expansion","W2-NES-001;W2-RT-004","FDS, expansion audio, and profile split","FDS, expansion audio, and explicit NTSC/PAL profile handling exist within the NES family."
"wave2","M9","Wave-1 family expansions B","13","W2-C64-001","commodore_64_128_family","C128","family_expansion","C64-005;W2-RT-001","C128 baseline profile and VDC path","C128 is represented as a profile inside the Commodore 64/128 family rather than a separate ad-hoc machine."
"wave2","M9","Wave-1 family expansions B","14","W2-C64-002","commodore_64_128_family","IEC and 1541","media_and_validation","W2-C64-001;W2-RT-004","IEC/1541 pragmatic disk workflow","One practical and regression-friendly IEC/1541 path exists for the Commodore family."
"wave2","M9","Wave-1 family expansions B","15","W2-PCE-001","pc_engine_family","CD-ROM2","family_expansion","PCE-005;W2-RT-004","CD-ROM2 path","The PC Engine family supports CD-ROM2 media and timing without pulling in unrelated CD frameworks."
"wave2","M9","Wave-1 family expansions B","16","W2-PCE-002","pc_engine_family","SuperGrafx","family_expansion","W2-PCE-001;W2-RT-001","SuperGrafx and family variant matrix","SuperGrafx and other major profile deltas are modeled cleanly inside the family shell."
"wave2","M9","Wave-1 family expansions B","17","W2-AMI-001","amiga_ocs_ecs_family","ECS, A500+, A600","family_expansion","AMI-006;W2-RT-001","ECS profiles and chipset deltas","ECS, A500+, and A600-class profiles exist with explicit chipset and platform deltas."
"wave2","M9","Wave-1 family expansions B","18","W2-AMI-002","amiga_ocs_ecs_family","late OCS/ECS workflow","media_and_validation","W2-AMI-001;W2-RT-004","Workbench/floppy hardening","The Amiga family has a more durable floppy/workbench boot workflow suitable for later waves."
"wave2","M10","Adjacent handheld cluster","19","W2-WS-001","wonderswan_family","WonderSwan family","family_baseline","W2-RT-001;RT-008","WonderSwan family baseline","WonderSwan, WonderSwan Color, and SwanCrystal have a coherent family shell and one validated baseline profile."
"wave2","M10","Adjacent handheld cluster","20","W2-NGP-001","neo_geo_pocket_family","Neo Geo Pocket family","family_baseline","W2-RT-001;RT-008","Neo Geo Pocket family baseline","The Neo Geo Pocket family has one validated baseline profile and a clear family-variant model."
"wave2","M10","Adjacent handheld cluster","21","W2-LYN-001","lynx_family","Lynx family","family_baseline","W2-RT-001;RT-008","Atari Lynx family baseline","The Lynx family is onboarded as a hybrid handheld without destabilizing the simpler handheld abstractions."
"wave2","M10","Adjacent handheld cluster","22","W2-GBA-001","gba_family","GBA family","family_baseline","W2-RT-001;RT-008","Game Boy Advance family baseline","The GBA family is onboarded as the first ARM-era handheld within the non-D roadmap."
"wave2","M11","Wave-2 hardening","23","W2-INT-001","integration","wave2 families","host_integration","W2-RT-004;W2-GBA-001","Shared tooling conventions and persistence matrix","Completed family binaries share startup conventions, profile selection behavior, and persistent-media handling across the expanded families."
"wave2","M11","Wave-2 hardening","24","W2-INT-002","integration","wave2 families","validation","W2-INT-001","Cross-family regression pass","Wave-2 families participate in one shared regression matrix with profile-aware artifacts."
"wave3","M12","8-bit computer cluster A","25","W3-A2-001","apple_ii_family","Apple IIe","family_baseline","W2-INT-002","Apple IIe baseline","Apple IIe boots, renders, accepts input, loads disk media, and participates in the shared validation harness."
"wave3","M12","8-bit computer cluster A","26","W3-A8-001","atari_400_800_family","800XL","family_baseline","W2-INT-002","Atari 800XL baseline","800XL with ANTIC, GTIA, and POKEY timing reaches the suite regression harness."
"wave3","M12","8-bit computer cluster A","27","W3-MSX-001","msx_family","MSX1","family_baseline","W2-INT-002","MSX1 baseline","MSX1 boots and runs with an explicit slot model, cartridge media path, and shared validation artifacts."
"wave3","M12","8-bit computer cluster A","28","W3-MSX-002","msx_family","MSX2","family_expansion","W3-MSX-001","MSX2 extension","MSX2 extends the MSX family without forcing a second incompatible architecture."
"wave3","M13","8-bit computer cluster B","29","W3-BBC-001","bbc_micro_family","BBC Model B","family_baseline","W2-INT-002","BBC Model B baseline","The BBC Micro family has a validated Model B baseline."
"wave3","M13","8-bit computer cluster B","30","W3-CPC-001","amstrad_cpc_family","CPC 6128","family_baseline","W2-INT-002","CPC 6128 baseline","The CPC family has a validated 6128 baseline with tape/floppy-capable media support."
"wave3","M13","8-bit computer cluster B","31","W3-COCO-001","coco_dragon_family","CoCo 2","family_baseline","W2-INT-002","CoCo 2 baseline","The Color Computer family has a validated CoCo 2 baseline."
"wave3","M13","8-bit computer cluster B","32","W3-COCO-002","coco_dragon_family","CoCo 3","family_expansion","W3-COCO-001","CoCo 3 extension","The CoCo 3 extends the family with explicit GIME-era deltas."
"wave3","M14","Console and vector cluster","33","W3-CV-001","colecovision_family","ColecoVision","family_baseline","W2-INT-002","ColecoVision baseline","The ColecoVision family reaches one validated baseline profile."
"wave3","M14","Console and vector cluster","34","W3-INTV-001","intellivision_family","Intellivision","family_baseline","W2-INT-002","Intellivision baseline","The Intellivision family reaches one validated baseline profile."
"wave3","M14","Console and vector cluster","35","W3-A78-001","atari_7800_family","Atari 7800","family_baseline","W2-INT-002","Atari 7800 baseline","The 7800 family reaches one validated baseline profile using the hybrid scheduler path."
"wave3","M14","Console and vector cluster","36","W3-VEC-001","vectrex_family","Vectrex","family_baseline","W2-INT-002","Vectrex baseline","The suite hosts one validated vector-display family without introducing a second beam execution path."
"wave3","M15","16-bit console cluster","37","W3-MD-001","megadrive_genesis_family","Genesis cart-only","family_baseline","W2-INT-002","Genesis cart-only baseline","The Genesis family reaches a validated cart-only baseline profile."
"wave3","M15","16-bit console cluster","38","W3-SNES-001","snes_family","SNES","family_baseline","W2-INT-002","SNES baseline","The SNES family reaches a validated baseline profile under the hybrid scheduler path."
"wave3","M15","16-bit console cluster","39","W3-NEO-001","neo_geo_family","Neo Geo AES/MVS","family_baseline","W2-INT-002","Neo Geo AES/MVS baseline","The Neo Geo family reaches a validated cart-only baseline profile."
"wave3","M16","16-bit computer cluster","40","W3-ST-001","atari_st_family","Atari ST","family_baseline","W2-INT-002","Atari ST baseline","The Atari ST family reaches a validated baseline profile with shared media, audio, and video plumbing."
"wave3","M17","Wave-3 hardening","41","W3-INT-001","integration","wave3 families","validation","W3-ST-001","Flagship regression matrix","Wave-3 families join one uniform regression matrix with comparable artifacts and acceptance criteria."
"wave3","M17","Wave-3 hardening","42","W3-INT-002","integration","wave3 families","host_integration","W3-INT-001","Shared media import path across flagship computers and consoles","The host media/import layer handles the wave-3 mix without per-family host-glue forks."
"wave4","M18","Advanced computer cluster A","43","W4-IIGS-001","apple_iigs_family","Apple IIgs","family_baseline","W3-INT-002","Apple IIgs baseline","The Apple IIgs family reaches one validated baseline profile."
"wave4","M18","Advanced computer cluster A","44","W4-ARC-001","acorn_archimedes_family","Archimedes","family_baseline","W3-INT-002","Archimedes baseline","The Archimedes family reaches one validated baseline profile."
"wave4","M18","Advanced computer cluster A","45","W4-RPC-001","acorn_risc_pc_family","Risc PC","family_expansion","W4-ARC-001","Risc PC extension","The Risc PC extends the Acorn ARM family without creating a separate execution-substrate track."
"wave4","M18","Advanced computer cluster A","46","W4-FAL-001","atari_falcon_family","Atari Falcon","family_baseline","W3-INT-002","Atari Falcon baseline","The Falcon reaches one validated baseline profile."
"wave4","M19","Advanced computer cluster B","47","W4-X68-001","x68000_family","X68000","family_baseline","W3-INT-002","X68000 baseline","The X68000 family reaches one validated baseline profile."
"wave4","M19","Advanced computer cluster B","48","W4-PC88-001","nec_pc8_pc88_pc98_family","PC-8801","family_baseline","W3-INT-002","PC-8801 baseline","The NEC PC-88/98 family reaches one practical baseline starting with PC-8801."
"wave4","M19","Advanced computer cluster B","49","W4-FMT-001","fujitsu_fm_towns_family","FM Towns / Marty","family_baseline","W3-INT-002","FM Towns and Marty baseline","The FM Towns family reaches one practical baseline profile."
"wave4","M20","Add-on and late-hybrid cluster","50","W4-AMI-AGA-001","amiga_aga_family","AGA and CD32","family_baseline","W2-AMI-002","Amiga AGA and CD32 baseline","The Amiga family reaches one validated AGA-era baseline and one console-style AGA profile."
"wave4","M20","Add-on and late-hybrid cluster","51","W4-MDCD-001","megadrive_genesis_family","Mega-CD / Sega CD","family_expansion","W3-MD-001;W2-RT-004","Mega-CD / Sega CD integration","The Genesis family supports one CD-based baseline path."
"wave4","M20","Add-on and late-hybrid cluster","52","W4-32X-001","megadrive_genesis_family","32X","family_expansion","W4-MDCD-001","32X integration","The Genesis family supports one 32X-era baseline path without spawning a second execution-substrate track."
"wave4","M20","Add-on and late-hybrid cluster","53","W4-NEOCD-001","neo_geo_family","Neo Geo CD","family_expansion","W3-NEO-001;W2-RT-004","Neo Geo CD integration","The Neo Geo family supports one CD-based baseline path."
"wave4","M20","Add-on and late-hybrid cluster","54","W4-VB-001","virtual_boy_family","Virtual Boy","family_baseline","W3-INT-002","Virtual Boy baseline","The Virtual Boy family reaches one validated baseline profile."
"wave4","M20","Add-on and late-hybrid cluster","55","W4-JAG-001","jaguar_family","Jaguar / Jaguar CD","family_baseline","W3-INT-002","Jaguar / Jaguar CD baseline","The Jaguar family reaches one practical baseline profile and a clear CD-era backlog."
"wave4","M21","Wave-4 hardening","56","W4-INT-001","integration","wave4 families","validation","W4-JAG-001","Advanced hybrid scheduler regression pass","Wave-4 families share one timing-focused regression pass across advanced hybrids and workstations."
"wave4","M21","Wave-4 hardening","57","W4-INT-002","integration","wave4 families","media","W4-INT-001","CD and add-on media hardening","The host layer supports the wave-4 CD/add-on matrix without ad-hoc per-family media handling."
"wave5","M22","D execution substrate","58","W5-RT-001","shared_support","D-runtime","scheduler","W4-INT-002","Block-execution and event-sync contract","The suite supports block execution plus timestamped synchronization points without replacing the non-D contract."
"wave5","M22","D execution substrate","59","W5-RT-002","shared_support","D-runtime","memory","W5-RT-001","MMU, cache, and TLB service layer","The shared support layer exposes the substrate needed by the first D families without forcing a universal CPU model."
"wave5","M22","D execution substrate","60","W5-RT-003","shared_support","D-runtime","video","W5-RT-001","GPU command-stream and frame-presentation contract","The shared D support can host command-buffer-style graphics pipelines under one host-facing video path."
"wave5","M22","D execution substrate","61","W5-RT-004","shared_support","D-runtime","validation","W5-RT-002;W5-RT-003","D-era validation harness","The validation harness can capture and compare the kinds of artifacts the first D systems need."
"wave5","M23","First D consoles","62","W5-3DO-001","3do_family","3DO","family_baseline","W5-RT-004","3DO baseline","The 3DO family reaches one validated baseline profile."
"wave5","M23","First D consoles","63","W5-PS1-001","playstation_family","PlayStation","family_baseline","W5-RT-004","PlayStation baseline","The PlayStation family reaches one validated baseline profile."
"wave5","M24","Second D consoles","64","W5-N64-001","nintendo64_family","Nintendo 64","family_baseline","W5-PS1-001","Nintendo 64 baseline","The Nintendo 64 family reaches one validated baseline profile."
"wave5","M24","Second D consoles","65","W5-DC-001","dreamcast_family","Dreamcast","family_baseline","W5-PS1-001","Dreamcast baseline","The Dreamcast family reaches one validated baseline profile."
"wave5","M25","Handheld D cluster","66","W5-DS-001","nintendo_ds_family","Nintendo DS","family_baseline","W5-N64-001","Nintendo DS baseline","The Nintendo DS family reaches one validated baseline profile."
"wave5","M25","Handheld D cluster","67","W5-PSP-001","psp_family","PSP","family_baseline","W5-DC-001","PSP baseline","The PSP family reaches one validated baseline profile."
"wave5","M26","Upper-bound D cluster","68","W5-GC-001","gamecube_family","GameCube","family_baseline","W5-PSP-001","GameCube baseline","The GameCube family reaches one validated baseline profile."
"wave5","M26","Upper-bound D cluster","69","W5-WII-001","wii_family","Wii","family_baseline","W5-GC-001","Wii baseline","The Wii family reaches one validated baseline profile."
"wave5","M27","Wave-5 hardening","70","W5-INT-001","integration","wave5 families","validation","W5-WII-001","D-era regression matrix and artifact capture","The D families share one regression matrix with comparable graphics and audio artifacts."
"wave5","M27","Wave-5 hardening","71","W5-INT-002","integration","wave5 families","state_and_policy","W5-INT-001","D-era save-state and determinism study","The suite has a documented determinism and save-state policy for the first D wave."
"wave6","M28","Catalog framework and triage","72","W6-RT-001","shared_support","catalog","planning","W5-INT-002","Catalog intake rules and promotion criteria","There is a documented policy for promoting a family from archive/intake into an implementation wave."
"wave6","M28","Catalog framework and triage","73","W6-RT-002","shared_support","catalog","tooling","W6-RT-001","Long-tail family shell and backlog tooling","The suite can record family metadata, reference media and firmware needs, and research status without pretending implementation has started."
"wave6","M29","Early-console and handheld oddities","74","W6-ODD-001","catalog_longtail","early_console_cluster","planning","W6-RT-002","Early-console cluster plan","The remaining early-console families are grouped by likely runtime fit and promotion priority."
"wave6","M29","Early-console and handheld oddities","75","W6-ODD-002","catalog_longtail","handheld_oddities_cluster","planning","W6-RT-002","Handheld oddities cluster plan","The remaining handheld, mobile, and educational families are grouped by likely runtime fit and promotion priority."
"wave6","M30","Long-tail microcomputers","76","W6-MICRO-001","catalog_longtail","6502_z80_micro_cluster","planning","W6-RT-002","6502/Z80 long-tail computer cluster plan","The remaining 6502/Z80-focused computer families are grouped into a coherent promotion backlog."
"wave6","M30","Long-tail microcomputers","77","W6-MICRO-002","catalog_longtail","advanced_micro_cluster","planning","W6-RT-002","Advanced long-tail computer cluster plan","The remaining advanced and region-specific computer families are grouped into a coherent promotion backlog."
"wave6","M31","Multimedia and edge consoles","78","W6-EDGE-001","catalog_edge","multimedia_console_cluster","planning","W6-RT-002","Multimedia oddities cluster plan","The multimedia-console families are grouped with explicit reasons for promotion or deferral."
"wave6","M31","Multimedia and edge consoles","79","W6-EDGE-002","catalog_edge","toy_and_edge_console_cluster","planning","W6-RT-002","Edge-console cluster plan","The educational, toy, and edge-console families are grouped with explicit reasons for promotion or deferral."
"wave6","M32","Boundary platforms","80","W6-BND-001","catalog_boundary","saturn_and_d_edge","research","W5-INT-002","Saturn and adjacent D-edge research","The suite has a documented position on saturn_family and adjacent edge-D platforms."
"wave6","M32","Boundary platforms","81","W6-BND-002","catalog_boundary","ps2_and_xbox","research","W5-INT-002","PS2 and original Xbox boundary research","The suite has a documented position on ps2_family and xbox_family."
"wave6","M32","Boundary platforms","82","W6-BND-003","catalog_boundary","ps3_and_xbox360","policy","W6-BND-002","PS3/Xbox 360 exclusion guardrail","The suite has an explicit exclusion policy and future re-entry criteria for ps3_family and xbox360_family."
"wave6","M33","Wave-6 archive hardening","83","W6-INT-001","integration","catalog","reporting","W6-BND-003","Catalog coverage dashboard and unmet-family report","The backlog can report what is implemented, what is planned, what is archived, and why."
"wave6","M33","Wave-6 archive hardening","84","W6-INT-002","integration","catalog","planning","W6-INT-001","Promotion pipeline from archive to implementation wave","One archived family can be promoted cleanly into an implementation wave without rewriting the planning structure."
