"milestone_id","milestone_name","order","ticket_id","owner","target_profile","subsystem","depends_on","title","done_when"
"M0","Shared support substrate","1","RT-001","shared_support","","identity","none","Machine profile registry","Family binaries and shared tooling can select a machine by MachineId and ModelId, and each selected profile declares clocks, firmware requirements, media slots, and default input layout."
"M0","Shared support substrate","2","RT-002","shared_support","","time","RT-001","Time contract","MachineTime, ClockDesc, and run_until(target_time) exist and one headless harness can drive a core without knowing its scheduler internals."
"M0","Shared support substrate","3","RT-003","shared_support","","media","RT-001","Media model","Cartridge, tape, floppy, and firmware images can be described uniformly as host-owned media objects without forcing a shared in-core media API."
"M0","Shared support substrate","4","RT-004","shared_support","","video","RT-002","Video sink","A core can emit completed frames, and beam or scanline machines have an optional lower-level event sink."
"M0","Shared support substrate","5","RT-005","shared_support","","audio","RT-002","Audio sink","Cores can emit timestamped audio packets into a shared host sink."
"M0","Shared support substrate","6","RT-006","shared_support","","input","RT-001","Input model","Host input can be sampled and mapped into machine-local input adapters without shared keyboard matrix or controller abstractions."
"M0","Shared support substrate","7","RT-007","shared_support","","state","RT-001;RT-002;RT-003","Snapshot contract","A core can serialize and restore a versioned snapshot blob under one shared envelope format."
"M0","Shared support substrate","8","RT-008","shared_support","","trace_and_validation","RT-002;RT-004;RT-005;RT-006","Trace and validation harness","Scripted input playback, framebuffer capture, audio capture, and timestamped trace events all exist in one reusable harness."
"M1","Tick-family bring-up","9","GB-001","gameboy_family","DMG-01","identity_and_media","RT-001;RT-003","DMG profile and media path","DMG-01 can boot from configured boot ROM policy and cartridge media in its family binary through the shared media-loading support."
"M1","Tick-family bring-up","10","GB-002","gameboy_family","DMG-01","cpu","GB-001;RT-002","SM83 and interrupt baseline","CPU fetch and execute, interrupts, and reset sequencing run under the shared support contract."
"M1","Tick-family bring-up","11","GB-003","gameboy_family","DMG-01","bus_and_io","GB-002","DMG memory, timer, joypad, serial stub","Baseline memory map, timer behavior, joypad reads, and a non-blocking serial placeholder exist."
"M1","Tick-family bring-up","12","GB-004","gameboy_family","DMG-01","video","GB-003;RT-004","PPU to frame sink","Visible frame output, VBlank signaling, and framebuffer capture work through the shared sink."
"M1","Tick-family bring-up","13","GB-005","gameboy_family","DMG-01","audio_and_validation","GB-003;RT-005;RT-008","APU and validation pass","Audio packets are emitted through the shared audio sink and the baseline validation set passes in the shared harness."
"M1","Tick-family bring-up","14","S8-001","sega_8bit_family","SG-1000","identity_and_media","RT-001;RT-003","SG-1000 profile and cartridge path","SG-1000 is pinned as the initial Sega 8-bit profile and cartridges load through the shared media-loading support."
"M1","Tick-family bring-up","15","S8-002","sega_8bit_family","SG-1000","cpu","S8-001;RT-002","Z80 integration and memory map","CPU execution, memory mapping, and interrupt entry run under the shared support contract."
"M1","Tick-family bring-up","16","S8-003","sega_8bit_family","SG-1000","video","S8-002;RT-004","VDP baseline","Tile and sprite display reaches the frame sink and a first screenshot-based regression set exists."
"M1","Tick-family bring-up","17","S8-004","sega_8bit_family","SG-1000","audio_and_input","S8-002;RT-005;RT-006","PSG, controllers, and pause path","Controller state and audio emission work through shared sinks without platform-local host hacks."
"M1","Tick-family bring-up","18","S8-005","sega_8bit_family","SG-1000","validation","S8-003;S8-004;RT-008","Validation and Master System delta backlog","SG-1000 baseline tests run in the shared harness and the Master System 1 delta is captured as explicit follow-up tickets."
"M2","Contention-family foundation","19","SP-001","spectrum_family","Spectrum 48K","identity_and_media","RT-001;RT-003","Spectrum 48K profile, ROM, and tape path","Spectrum 48K boots its ROM and can consume a basic tape image path through shared media plumbing."
"M2","Contention-family foundation","20","SP-002","spectrum_family","Spectrum 48K","cpu_and_bus","SP-001;RT-002","Z80 plus ULA contention","CPU execution observes ULA-visible contention rules rather than a pure unconstrained tick loop."
"M2","Contention-family foundation","21","SP-003","spectrum_family","Spectrum 48K","video_input_audio","SP-002;RT-004;RT-005;RT-006","Bitmap video, keyboard matrix, and beeper","Keyboard input, beeper output, and visible display all flow through the shared support interfaces."
"M2","Contention-family foundation","22","SP-004","spectrum_family","Spectrum 48K","media_timing_and_validation","SP-003;RT-008","Tape timing and validation","At least one deterministic tape-load validation case passes in the shared harness."
"M2","Contention-family foundation","23","SP-005","spectrum_family","Spectrum 128K","paging_and_audio","SP-004","Spectrum 128K extension","The 128K paging model and AY audio path exist as a second supported profile within the same family shell."
"M2","Contention-family foundation","24","NES-001","famicom_nes_family","NES front-loader NTSC","identity_and_media","RT-001;RT-003","Front-loader NTSC profile and mapper-limited cartridge path","An NTSC NES baseline profile loads NROM, UxROM, CNROM, and MMC1 media through one cartridge path."
"M2","Contention-family foundation","25","NES-002","famicom_nes_family","NES front-loader NTSC","cpu_and_bus","NES-001;RT-002","2A03 CPU, interrupts, and DMA foundation","CPU execution, interrupts, OAM DMA, and core bus timing run under the shared support contract."
"M2","Contention-family foundation","26","NES-003","famicom_nes_family","NES front-loader NTSC","video","NES-002;RT-004","PPU baseline to frame sink","Background and sprite output, VBlank timing, and framebuffer capture work through the common video path."
"M2","Contention-family foundation","27","NES-004","famicom_nes_family","NES front-loader NTSC","audio_and_input","NES-002;RT-005;RT-006","APU and controller path","Baseline APU channels and controller polling reach the shared support sinks."
"M2","Contention-family foundation","28","NES-005","famicom_nes_family","NES front-loader NTSC","cartridge_and_validation","NES-003;NES-004;RT-008","Mapper and validation pass","The wave-1 mapper set passes a shared regression harness and no generic cross-system mapper API has leaked into the architecture."
"M3","Stress timing and beam systems","29","C64-001","commodore_64_128_family","C64 PAL breadbin","identity_and_media","RT-001;RT-003","C64 PAL profile and media path","A PAL C64 profile loads cartridge and one practical program-loading path through the shared media-loading support."
"M3","Stress timing and beam systems","30","C64-002","commodore_64_128_family","C64 PAL breadbin","cpu_and_io","C64-001;RT-002","6510, banking, CIA baseline","CPU execution, banking, timers, and keyboard or joystick-visible CIA behavior exist."
"M3","Stress timing and beam systems","31","C64-003","commodore_64_128_family","C64 PAL breadbin","video","C64-002;RT-004","VIC-II badlines, raster IRQs, and frame output","Badlines, raster IRQ timing, and visible output all operate through the shared video contract."
"M3","Stress timing and beam systems","32","C64-004","commodore_64_128_family","C64 PAL breadbin","audio_and_input","C64-002;RT-005;RT-006","SID and input","SID output and keyboard or joystick input reach the shared sinks without family-specific frontend hacks."
"M3","Stress timing and beam systems","33","C64-005","commodore_64_128_family","C64 PAL breadbin","validation","C64-003;C64-004;RT-008","Validation pass","A first raster- and timing-sensitive regression set passes under the shared harness."
"M3","Stress timing and beam systems","34","A26-001","atari_2600_family","VCS NTSC","identity_and_media","RT-001;RT-003","Atari 2600 NTSC profile and minimal bankswitch path","2K, 4K, and F8 cartridges load through the shared media-loading support."
"M3","Stress timing and beam systems","35","A26-002","atari_2600_family","VCS NTSC","cpu_and_io","A26-001;RT-002","6507 and RIOT baseline","CPU execution, RIOT timer behavior, and input-visible state run under the common time contract."
"M3","Stress timing and beam systems","36","A26-003","atari_2600_family","VCS NTSC","video_and_audio","A26-002;RT-004;RT-005","TIA beam, collisions, and audio","Beam-driven rendering, collision state, and audio emission all operate through shared sinks."
"M3","Stress timing and beam systems","37","A26-004","atari_2600_family","VCS NTSC","input_and_validation","A26-003;RT-006;RT-008","Controller set and validation","Joystick baseline input and one deterministic validation set run under the common harness."
"M4","Hybrid console","38","PCE-001","pc_engine_family","CoreGrafx","identity_and_media","RT-001;RT-003","CoreGrafx profile and HuCard media path","CoreGrafx is the pinned wave-1 profile and HuCards load through the shared media-loading support."
"M4","Hybrid console","39","PCE-002","pc_engine_family","CoreGrafx","cpu_and_bus","PCE-001;RT-002","HuC6280, memory map, timer, and IRQ baseline","CPU execution, timing, interrupts, and baseline bank mapping run correctly under the common time contract."
"M4","Hybrid console","40","PCE-003","pc_engine_family","CoreGrafx","video","PCE-002;RT-004","VDC/VCE video path","Visible output reaches the shared frame sink with timing-aware scanline behavior."
"M4","Hybrid console","41","PCE-004","pc_engine_family","CoreGrafx","audio_and_input","PCE-002;RT-005;RT-006","PSG and controller path","Audio packets and controller state run through shared support plumbing."
"M4","Hybrid console","42","PCE-005","pc_engine_family","CoreGrafx","validation","PCE-003;PCE-004;RT-008","Validation pass","A first regression set passes and all CD-related work remains explicitly deferred."
"M5","Hybrid computer capstone","43","AMI-001","amiga_ocs_ecs_family","Amiga 500 OCS PAL","identity_and_media","RT-001;RT-003","Amiga 500 OCS PAL profile, Kickstart, and floppy path","An Amiga 500 OCS PAL profile can boot with declared firmware and floppy media through the shared host support layer."
"M5","Hybrid computer capstone","44","AMI-002","amiga_ocs_ecs_family","Amiga 500 OCS PAL","cpu_and_bus","AMI-001;RT-002","68000, memory map, and interrupt foundation","CPU execution, exceptions, and baseline memory behavior operate under the shared time contract."
"M5","Hybrid computer capstone","45","AMI-003","amiga_ocs_ecs_family","Amiga 500 OCS PAL","scheduler_and_arbitration","AMI-002","DMA scheduler skeleton","The Amiga core has an explicit DMA or arbiter scheduling model rather than a CPU-centric bus loop."
"M5","Hybrid computer capstone","46","AMI-004","amiga_ocs_ecs_family","Amiga 500 OCS PAL","video","AMI-003;RT-004","Agnus and Denise video path with Copper and bitplanes","Visible display, Copper effects, and bitplane output reach the shared frame sink."
"M5","Hybrid computer capstone","47","AMI-005","amiga_ocs_ecs_family","Amiga 500 OCS PAL","audio_and_io","AMI-003;RT-005;RT-006","Paula audio, CIA, keyboard, and floppy timing","Audio output and baseline machine input and peripheral timing operate through shared sinks and adapters."
"M5","Hybrid computer capstone","48","AMI-006","amiga_ocs_ecs_family","Amiga 500 OCS PAL","custom_chips_and_validation","AMI-004;AMI-005;RT-008","Blitter and validation pass","One deterministic boot or demo validation set passes under the shared harness."
"M6","Wave 1 hardening","49","INT-001","integration","","host_integration","GB-005;S8-005;SP-005;NES-005","Shared tooling and startup conventions","Completed wave-1 binaries share startup conventions and can be driven by common tooling without a monolithic launcher."
"M6","Wave 1 hardening","50","INT-002","integration","","validation","RT-007;C64-005;A26-004;PCE-005;AMI-006","Snapshot and restore smoke tests across wave 1","Every completed wave-1 family has at least one automated save-state round-trip test."
"M6","Wave 1 hardening","51","INT-003","integration","","validation_and_tooling","RT-008;C64-005;A26-004;PCE-005;AMI-006","Trace and regression matrix","Each completed family participates in one shared regression matrix with artifacts produced in a uniform format."
